Date,Country,Product,Profit
2015-01-01,UK,Product A,16303.211295765546
2015-02-01,UK,Product A,14837.634514013707
2015-03-01,UK,Product A,12226.388863500968
2015-04-01,UK,Product A,13108.998078982895
2015-05-01,UK,Product A,13215.135806218539
2015-06-01,UK,Product A,14564.514672752699
2015-07-01,UK,Product A,15400.05298467986
2015-08-01,UK,Product A,15621.481102124742
2015-09-01,UK,Product A,15039.913348789229
2015-10-01,UK,Product A,13653.419449900312
2015-11-01,UK,Product A,13936.75866988004
2015-12-01,UK,Product A,12777.341672156197
2016-01-01,UK,Product A,15934.497066371358
2016-02-01,UK,Product A,15858.745786479642
2016-03-01,UK,Product A,14877.337254931655
2016-04-01,UK,Product A,12754.407265632874
2016-05-01,UK,Product A,14404.480022775793
2016-06-01,UK,Product A,15346.698026888496
2016-07-01,UK,Product A,14092.444847958672
2016-08-01,UK,Product A,15345.640527457677
2016-09-01,UK,Product A,15343.60024636878
2016-10-01,UK,Product A,13396.129559425599
2016-11-01,UK,Product A,14438.381874022645
2016-12-01,UK,Product A,14895.691297920452
2015-01-01,UK,Product B,8723.355297880342
2015-02-01,UK,Product B,8581.03459952628
2015-03-01,UK,Product B,9067.063629143588
2015-04-01,UK,Product B,8541.799459493059
2015-05-01,UK,Product B,7753.439029987809
2015-06-01,UK,Product B,7907.7183161357125
2015-07-01,UK,Product B,7000.681844839149
2015-08-01,UK,Product B,6878.811019422648
2015-09-01,UK,Product B,5968.856115952421
2015-10-01,UK,Product B,5713.373682489209
2015-11-01,UK,Product B,5523.647573896696
2015-12-01,UK,Product B,6217.28670924236
2016-01-01,UK,Product B,4910.428470880615
2016-02-01,UK,Product B,3702.688841258429
2016-03-01,UK,Product B,4667.98293957651
2016-04-01,UK,Product B,3169.428390587311
2016-05-01,UK,Product B,3820.3868871761424
2016-06-01,UK,Product B,2589.114610922816
2016-07-01,UK,Product B,971.3899563834257
2016-08-01,UK,Product B,1940.2795729827803
2016-09-01,UK,Product B,2110.023086269204
2016-10-01,UK,Product B,1983.0111307234972
2016-11-01,UK,Product B,737.5320700352215
2016-12-01,UK,Product B,451.04470309005524
2015-01-01,UK,Product C,10099.406856416681
2015-02-01,UK,Product C,8578.423121529855
2015-03-01,UK,Product C,5353.505364484904
2015-04-01,UK,Product C,3205.491305003852
2015-05-01,UK,Product C,5498.5718373352265
2015-06-01,UK,Product C,5706.194824014535
2015-07-01,UK,Product C,9547.506684550215
2015-08-01,UK,Product C,6346.6912591093715
2015-09-01,UK,Product C,6778.544133084455
2015-10-01,UK,Product C,6150.927409019294
2015-11-01,UK,Product C,4014.880731939073
2015-12-01,UK,Product C,2500.3576071239163
2016-01-01,UK,Product C,9163.539655090735
2016-02-01,UK,Product C,5686.664439744155
2016-03-01,UK,Product C,8543.318054106245
2016-04-01,UK,Product C,4654.783795745544
2016-05-01,UK,Product C,2016.048563390682
2016-06-01,UK,Product C,4977.105070284883
2016-07-01,UK,Product C,6103.559682738673
2016-08-01,UK,Product C,6034.399183419053
2016-09-01,UK,Product C,6282.070187618161
2016-10-01,UK,Product C,1215.5226306197505
2016-11-01,UK,Product C,4326.187190087745
2016-12-01,UK,Product C,3940.4645414810684
2015-01-01,UK,Product D,11616.571718965455
2015-02-01,UK,Product D,10628.96109637478
2015-03-01,UK,Product D,11074.968222819107
2015-04-01,UK,Product D,8849.178288817347
2015-05-01,UK,Product D,9719.053762385358
2015-06-01,UK,Product D,10319.679504946114
2015-07-01,UK,Product D,13097.331298449746
2015-08-01,UK,Product D,12633.236251371354
2015-09-01,UK,Product D,11343.013554049528
2015-10-01,UK,Product D,11509.269511555969
2015-11-01,UK,Product D,10324.858921650519
2015-12-01,UK,Product D,9008.162028728633
2016-01-01,UK,Product D,12167.047347294427
2016-02-01,UK,Product D,13485.842014665439
2016-03-01,UK,Product D,12955.236159353197
2016-04-01,UK,Product D,10727.99484094675
2016-05-01,UK,Product D,10758.219975530794
2016-06-01,UK,Product D,11669.844034868596
2016-07-01,UK,Product D,13348.270945341028
2016-08-01,UK,Product D,12392.486624282163
2016-09-01,UK,Product D,12844.993792940011
2016-10-01,UK,Product D,10675.97167665975
2016-11-01,UK,Product D,10855.167765389433
2016-12-01,UK,Product D,8782.671375032245
2015-01-01,UK,Product E,10703.386775769528
2015-02-01,UK,Product E,13339.240080952392
2015-03-01,UK,Product E,11315.973101430682
2015-04-01,UK,Product E,12761.741573932706
2015-05-01,UK,Product E,11778.615046798634
2015-06-01,UK,Product E,13961.045864895084
2015-07-01,UK,Product E,10143.921567863406
2015-08-01,UK,Product E,15262.275762955873
2015-09-01,UK,Product E,9859.480033129217
2015-10-01,UK,Product E,12714.54540396167
2015-11-01,UK,Product E,11219.344253600062
2015-12-01,UK,Product E,12243.120006185098
2016-01-01,UK,Product E,12009.455446380683
2016-02-01,UK,Product E,11132.322095583184
2016-03-01,UK,Product E,9852.53389049672
2016-04-01,UK,Product E,10307.713286260592
2016-05-01,UK,Product E,11558.081890337928
2016-06-01,UK,Product E,10561.011535351463
2016-07-01,UK,Product E,7757.885494697857
2016-08-01,UK,Product E,11499.29407632671
2016-09-01,UK,Product E,10579.037367959052
2016-10-01,UK,Product E,9394.169844102493
2016-11-01,UK,Product E,10297.601536004488
2016-12-01,UK,Product E,6147.828162413558
2015-01-01,France,Product A,11937.257479660959
2015-02-01,France,Product A,12177.33393601228
2015-03-01,France,Product A,10216.24869320772
2015-04-01,France,Product A,11378.830915668424
2015-05-01,France,Product A,12685.720738225478
2015-06-01,France,Product A,7877.776614694968
2015-07-01,France,Product A,7328.967280231049
2015-08-01,France,Product A,5846.025289408687
2015-09-01,France,Product A,8525.352984611656
2015-10-01,France,Product A,4069.0809654337045
2015-11-01,France,Product A,819.6387893057286
2015-12-01,France,Product A,2942.230659533759
2016-01-01,France,Product A,1880.7711422481545
2016-02-01,France,Product A,1074.1534847246332
2016-03-01,France,Product A,927.6326036478603
2016-04-01,France,Product A,-295.1117804851484
2016-05-01,France,Product A,-958.2043394605394
2016-06-01,France,Product A,-1083.1288819486974
2016-07-01,France,Product A,-4374.125175703259
2016-08-01,France,Product A,-2302.3482836961875
2016-09-01,France,Product A,-1607.5080647343407
2016-10-01,France,Product A,-4546.15511885412
2016-11-01,France,Product A,-8445.586352118067
2016-12-01,France,Product A,-7840.813860286865
2015-01-01,France,Product B,12457.27990322014
2015-02-01,France,Product B,9827.109802681054
2015-03-01,France,Product B,9932.92748215492
2015-04-01,France,Product B,11413.446248804245
2015-05-01,France,Product B,7415.719363520189
2015-06-01,France,Product B,11158.322021433669
2015-07-01,France,Product B,11406.90596206418
2015-08-01,France,Product B,12229.283870934263
2015-09-01,France,Product B,8497.9574886611
2015-10-01,France,Product B,9029.22283251783
2015-11-01,France,Product B,10561.285582681283
2015-12-01,France,Product B,15598.6767345568
2016-01-01,France,Product B,11122.88028424817
2016-02-01,France,Product B,12012.959442786912
2016-03-01,France,Product B,10458.0989487978
2016-04-01,France,Product B,11603.707337254249
2016-05-01,France,Product B,8527.049189958649
2016-06-01,France,Product B,7048.386656675634
2016-07-01,France,Product B,12722.224127094096
2016-08-01,France,Product B,10176.302143561992
2016-09-01,France,Product B,12310.437292267481
2016-10-01,France,Product B,11520.502720931185
2016-11-01,France,Product B,8833.652287191757
2016-12-01,France,Product B,9710.75291347466
2015-01-01,France,Product C,12998.598554165861
2015-02-01,France,Product C,12827.620603404148
2015-03-01,France,Product C,14028.324237851462
2015-04-01,France,Product C,14334.408578761553
2015-05-01,France,Product C,14455.189381843973
2015-06-01,France,Product C,13901.284102494412
2015-07-01,France,Product C,15552.982295080405
2015-08-01,France,Product C,15176.863713119252
2015-09-01,France,Product C,16504.24907011587
2015-10-01,France,Product C,16230.464898332406
2015-11-01,France,Product C,15853.599200334218
2015-12-01,France,Product C,15894.653230271224
2016-01-01,France,Product C,16913.695073058207
2016-02-01,France,Product C,17836.45074823564
2016-03-01,France,Product C,17519.791751279594
2016-04-01,France,Product C,19064.78919164761
2016-05-01,France,Product C,18997.314323251805
2016-06-01,France,Product C,19319.00681330293
2016-07-01,France,Product C,18368.819113985926
2016-08-01,France,Product C,19998.546189011347
2016-09-01,France,Product C,20469.682990725363
2016-10-01,France,Product C,22376.904039921716
2016-11-01,France,Product C,20085.8683510546
2016-12-01,France,Product C,21416.578333927537
2015-01-01,France,Product D,5271.96650999339
2015-02-01,France,Product D,5471.531762452435
2015-03-01,France,Product D,5512.350598394569
2015-04-01,France,Product D,4953.317532442655
2015-05-01,France,Product D,5378.4238560538
2015-06-01,France,Product D,5782.75138164951
2015-07-01,France,Product D,5334.151157840544
2015-08-01,France,Product D,5398.127285882865
2015-09-01,France,Product D,5620.9506799137935
2015-10-01,France,Product D,5215.069053019119
2015-11-01,France,Product D,5082.466275434613
2015-12-01,France,Product D,5391.268787749522
2016-01-01,France,Product D,5748.152039531528
2016-02-01,France,Product D,4976.763541132797
2016-03-01,France,Product D,5360.762222841552
2016-04-01,France,Product D,4683.264170596142
2016-05-01,France,Product D,4794.615585601408
2016-06-01,France,Product D,5447.344560499937
2016-07-01,France,Product D,5558.073086740586
2016-08-01,France,Product D,5588.945560909928
2016-09-01,France,Product D,5179.813428642347
2016-10-01,France,Product D,5359.09258319689
2016-11-01,France,Product D,4462.842792276542
2016-12-01,France,Product D,4894.203563783278
2015-01-01,France,Product E,6141.824519304934
2015-02-01,France,Product E,5199.126001089753
2015-03-01,France,Product E,4748.762962455402
2015-04-01,France,Product E,4846.553191666345
2015-05-01,France,Product E,5791.836859123757
2015-06-01,France,Product E,4868.167626504678
2015-07-01,France,Product E,7429.782287158116
2015-08-01,France,Product E,5850.1565959199925
2015-09-01,France,Product E,4953.0726244148545
2015-10-01,France,Product E,6196.432933049919
2015-11-01,France,Product E,6341.865126423446
2015-12-01,France,Product E,4992.5363714982595
2016-01-01,France,Product E,6826.478086652295
2016-02-01,France,Product E,5856.0370988235
2016-03-01,France,Product E,4501.892673745018
2016-04-01,France,Product E,5261.317588741331
2016-05-01,France,Product E,4769.836034107706
2016-06-01,France,Product E,4383.054960434892
2016-07-01,France,Product E,4597.891214071231
2016-08-01,France,Product E,7363.885985312381
2016-09-01,France,Product E,6027.730938505318
2016-10-01,France,Product E,6858.7692962178135
2016-11-01,France,Product E,3457.4488417940875
2016-12-01,France,Product E,3846.314049376134
2015-01-01,Germany,Product A,12522.34771833164
2015-02-01,Germany,Product A,14251.624062947234
2015-03-01,Germany,Product A,12719.403595045198
2015-04-01,Germany,Product A,13021.021104168556
2015-05-01,Germany,Product A,17815.434083542797
2015-06-01,Germany,Product A,16784.20294588847
2015-07-01,Germany,Product A,20114.32442089743
2015-08-01,Germany,Product A,20747.150154757343
2015-09-01,Germany,Product A,20689.581602163173
2015-10-01,Germany,Product A,18375.274090971187
2015-11-01,Germany,Product A,21245.878746444854
2015-12-01,Germany,Product A,23186.095022056412
2016-01-01,Germany,Product A,21501.503892840992
2016-02-01,Germany,Product A,25308.030915815285
2016-03-01,Germany,Product A,23901.907012927324
2016-04-01,Germany,Product A,25989.84194868987
2016-05-01,Germany,Product A,28394.06697413822
2016-06-01,Germany,Product A,30409.776528256938
2016-07-01,Germany,Product A,27624.59661813426
2016-08-01,Germany,Product A,31098.93143559832
2016-09-01,Germany,Product A,31620.50624256737
2016-10-01,Germany,Product A,31341.288702777783
2016-11-01,Germany,Product A,28571.068452577885
2016-12-01,Germany,Product A,34452.25739424679
2015-01-01,Germany,Product B,6101.550412100804
2015-02-01,Germany,Product B,6108.960337254211
2015-03-01,Germany,Product B,5388.770283421607
2015-04-01,Germany,Product B,5706.6951246004755
2015-05-01,Germany,Product B,5394.941897627978
2015-06-01,Germany,Product B,6332.566845620628
2015-07-01,Germany,Product B,6520.73771854909
2015-08-01,Germany,Product B,6898.417413559177
2015-09-01,Germany,Product B,5739.878023035537
2015-10-01,Germany,Product B,6312.148411457722
2015-11-01,Germany,Product B,4721.369688915247
2015-12-01,Germany,Product B,6291.777001858634
2016-01-01,Germany,Product B,7005.4826202564445
2016-02-01,Germany,Product B,6335.5115920821545
2016-03-01,Germany,Product B,6180.489618690295
2016-04-01,Germany,Product B,5193.44508696564
2016-05-01,Germany,Product B,5420.772735995585
2016-06-01,Germany,Product B,5392.481731054609
2016-07-01,Germany,Product B,6907.806245174044
2016-08-01,Germany,Product B,6304.700937899685
2016-09-01,Germany,Product B,5404.398333393139
2016-10-01,Germany,Product B,5622.145631390704
2016-11-01,Germany,Product B,6004.872259736799
2016-12-01,Germany,Product B,6024.621459559183
2015-01-01,Germany,Product C,9308.165307450616
2015-02-01,Germany,Product C,10292.18792506917
2015-03-01,Germany,Product C,11383.185034551037
2015-04-01,Germany,Product C,11572.83826722332
2015-05-01,Germany,Product C,11499.323484089713
2015-06-01,Germany,Product C,13327.07994135803
2015-07-01,Germany,Product C,12698.920940498272
2015-08-01,Germany,Product C,13656.063760850879
2015-09-01,Germany,Product C,13928.183312438647
2015-10-01,Germany,Product C,14787.10023229762
2015-11-01,Germany,Product C,15114.283349470446
2015-12-01,Germany,Product C,15444.836600082474
2016-01-01,Germany,Product C,15649.932353902124
2016-02-01,Germany,Product C,16721.88337210243
2016-03-01,Germany,Product C,17360.206183296592
2016-04-01,Germany,Product C,17616.31374354672
2016-05-01,Germany,Product C,18625.89978596226
2016-06-01,Germany,Product C,19247.448864385453
2016-07-01,Germany,Product C,19537.442110338292
2016-08-01,Germany,Product C,20045.649049473006
2016-09-01,Germany,Product C,20209.548795028404
2016-10-01,Germany,Product C,21544.578494523346
2016-11-01,Germany,Product C,21064.195367046737
2016-12-01,Germany,Product C,22308.584833406498
2015-01-01,Germany,Product D,7338.686920645768
2015-02-01,Germany,Product D,5986.253223368085
2015-03-01,Germany,Product D,6066.430430774067
2015-04-01,Germany,Product D,5001.601051585989
2015-05-01,Germany,Product D,5524.06695680406
2015-06-01,Germany,Product D,1973.3806913014482
2015-07-01,Germany,Product D,4235.761493055859
2015-08-01,Germany,Product D,4705.591994017588
2015-09-01,Germany,Product D,8918.155190387171
2015-10-01,Germany,Product D,3756.2990481738775
2015-11-01,Germany,Product D,2763.2190818456975
2015-12-01,Germany,Product D,5748.07410484292
2016-01-01,Germany,Product D,5901.404163417932
2016-02-01,Germany,Product D,6206.1325871511835
2016-03-01,Germany,Product D,3970.1505185853916
2016-04-01,Germany,Product D,5132.248058893532
2016-05-01,Germany,Product D,2640.4160480065802
2016-06-01,Germany,Product D,2933.2137243305892
2016-07-01,Germany,Product D,7611.330981674363
2016-08-01,Germany,Product D,11478.090674200876
2016-09-01,Germany,Product D,6550.252248695521
2016-10-01,Germany,Product D,5388.248172165916
2016-11-01,Germany,Product D,4057.101343831492
2016-12-01,Germany,Product D,4473.132685700941
2015-01-01,Germany,Product E,13410.264134685402
2015-02-01,Germany,Product E,8021.038151417091
2015-03-01,Germany,Product E,10707.685391291046
2015-04-01,Germany,Product E,6811.060678993649
2015-05-01,Germany,Product E,10342.431302041687
2015-06-01,Germany,Product E,11404.164970111573
2015-07-01,Germany,Product E,11811.02906612573
2015-08-01,Germany,Product E,12681.243755005426
2015-09-01,Germany,Product E,10728.863647701937
2015-10-01,Germany,Product E,7307.158574502002
2015-11-01,Germany,Product E,8645.487457885032
2015-12-01,Germany,Product E,12105.253669028662
2016-01-01,Germany,Product E,9243.820746883552
2016-02-01,Germany,Product E,11108.971433568358
2016-03-01,Germany,Product E,8484.385057523514
2016-04-01,Germany,Product E,7653.129419957362
2016-05-01,Germany,Product E,8809.857146961976
2016-06-01,Germany,Product E,7859.396772014382
2016-07-01,Germany,Product E,8614.649199489219
2016-08-01,Germany,Product E,12806.963313223227
2016-09-01,Germany,Product E,10196.11774641517
2016-10-01,Germany,Product E,8242.11255145207
2016-11-01,Germany,Product E,7509.676468804055
2016-12-01,Germany,Product E,8261.808520525985
2015-01-01,China,Product A,16152.623196885288
2015-02-01,China,Product A,15553.327292485888
2015-03-01,China,Product A,14911.994392010807
2015-04-01,China,Product A,11920.507282705186
2015-05-01,China,Product A,11383.313147161109
2015-06-01,China,Product A,17140.203006347627
2015-07-01,China,Product A,12733.803163346478
2015-08-01,China,Product A,15512.734552730582
2015-09-01,China,Product A,13274.385772040501
2015-10-01,China,Product A,12002.217219893379
2015-11-01,China,Product A,10853.766718463414
2015-12-01,China,Product A,15507.756268659661
2016-01-01,China,Product A,14164.255109797534
2016-02-01,China,Product A,15529.653420102957
2016-03-01,China,Product A,15960.869014834203
2016-04-01,China,Product A,12789.287703599102
2016-05-01,China,Product A,12082.68489573252
2016-06-01,China,Product A,13570.509156150782
2016-07-01,China,Product A,15494.18909566817
2016-08-01,China,Product A,16499.552492959192
2016-09-01,China,Product A,15214.562780462082
2016-10-01,China,Product A,11380.147639188974
2016-11-01,China,Product A,11653.542124618853
2016-12-01,China,Product A,12274.303968383978
2015-01-01,China,Product B,10186.082767697468
2015-02-01,China,Product B,9094.512144612554
2015-03-01,China,Product B,10603.658175762646
2015-04-01,China,Product B,6159.821640562408
2015-05-01,China,Product B,8928.08202705606
2015-06-01,China,Product B,5455.003032000529
2015-07-01,China,Product B,8507.656193520408
2015-08-01,China,Product B,10620.650185757593
2015-09-01,China,Product B,9191.970369231785
2015-10-01,China,Product B,7462.834280977527
2015-11-01,China,Product B,6583.133642593034
2015-12-01,China,Product B,10032.638203101347
2016-01-01,China,Product B,7926.675076181466
2016-02-01,China,Product B,9098.502165186697
2016-03-01,China,Product B,8078.617749788522
2016-04-01,China,Product B,8976.908693260904
2016-05-01,China,Product B,7267.874596479178
2016-06-01,China,Product B,7802.978125222099
2016-07-01,China,Product B,10599.459034251995
2016-08-01,China,Product B,9673.370321407749
2016-09-01,China,Product B,8165.85591417519
2016-10-01,China,Product B,7157.006045899093
2016-11-01,China,Product B,5800.36386753161
2016-12-01,China,Product B,8623.648452983038
2015-01-01,China,Product C,13695.70493088131
2015-02-01,China,Product C,10141.170464585995
2015-03-01,China,Product C,12257.930918562028
2015-04-01,China,Product C,8776.128531859466
2015-05-01,China,Product C,10342.549457448204
2015-06-01,China,Product C,10403.5193922337
2015-07-01,China,Product C,8583.105981043072
2015-08-01,China,Product C,7042.193310479876
2015-09-01,China,Product C,7214.480013648586
2015-10-01,China,Product C,6061.971890034795
2015-11-01,China,Product C,5575.085725639403
2015-12-01,China,Product C,4978.5265156730675
2016-01-01,China,Product C,1306.1168420226381
2016-02-01,China,Product C,3836.0975987189277
2016-03-01,China,Product C,2941.271908159248
2016-04-01,China,Product C,3275.3857821272222
2016-05-01,China,Product C,1445.5498619994996
2016-06-01,China,Product C,312.7426908212326
2016-07-01,China,Product C,-2787.054541326862
2016-08-01,China,Product C,-2251.2624052351316
2016-09-01,China,Product C,-4402.8874688568485
2016-10-01,China,Product C,-3413.0711504116175
2016-11-01,China,Product C,-3730.6348916728784
2016-12-01,China,Product C,-10953.535147607894
2015-01-01,China,Product D,8152.9081526266655
2015-02-01,China,Product D,8377.23382907196
2015-03-01,China,Product D,7405.759249114432
2015-04-01,China,Product D,8988.766577372233
2015-05-01,China,Product D,6150.902920329574
2015-06-01,China,Product D,8333.453224146047
2015-07-01,China,Product D,12539.949722037476
2015-08-01,China,Product D,9498.390561443515
2015-09-01,China,Product D,7662.493376563994
2015-10-01,China,Product D,6739.901704833995
2015-11-01,China,Product D,8289.915239396454
2015-12-01,China,Product D,7639.727224383517
2016-01-01,China,Product D,10468.431853408047
2016-02-01,China,Product D,11002.88193632252
2016-03-01,China,Product D,7723.100591582855
2016-04-01,China,Product D,7607.871123427805
2016-05-01,China,Product D,6968.971958392177
2016-06-01,China,Product D,7240.260956215823
2016-07-01,China,Product D,8704.85197081297
2016-08-01,China,Product D,8158.113946909629
2016-09-01,China,Product D,7006.506700793023
2016-10-01,China,Product D,7367.540173211394
2016-11-01,China,Product D,6386.9012800518285
2016-12-01,China,Product D,8061.761263082119
2015-01-01,China,Product E,7186.494654369759
2015-02-01,China,Product E,10014.71409729855
2015-03-01,China,Product E,7731.360841069286
2015-04-01,China,Product E,6655.654734245394
2015-05-01,China,Product E,10961.231362658486
2015-06-01,China,Product E,8534.68700351341
2015-07-01,China,Product E,12530.562526719938
2015-08-01,China,Product E,11471.974217873088
2015-09-01,China,Product E,14409.697141700397
2015-10-01,China,Product E,14233.38290757603
2015-11-01,China,Product E,15227.206592438559
2015-12-01,China,Product E,19773.28785384923
2016-01-01,China,Product E,18966.81578542311
2016-02-01,China,Product E,18358.3643084532
2016-03-01,China,Product E,20256.145571712732
2016-04-01,China,Product E,20621.609546923224
2016-05-01,China,Product E,20237.028035731273
2016-06-01,China,Product E,21089.87953765766
2016-07-01,China,Product E,21331.65979151476
2016-08-01,China,Product E,23524.482794478008
2016-09-01,China,Product E,26354.374144550413
2016-10-01,China,Product E,27831.847816078553
2016-11-01,China,Product E,28670.124003336445
2016-12-01,China,Product E,27816.52497394982
2015-01-01,USA,Product A,8729.945020866222
2015-02-01,USA,Product A,5663.650935105561
2015-03-01,USA,Product A,6599.096644134076
2015-04-01,USA,Product A,4207.636013156549
2015-05-01,USA,Product A,4554.886760544507
2015-06-01,USA,Product A,6587.674269318031
2015-07-01,USA,Product A,6086.145506553513
2015-08-01,USA,Product A,4550.801003066099
2015-09-01,USA,Product A,3131.070675924094
2015-10-01,USA,Product A,3422.688239860824
2015-11-01,USA,Product A,6249.667365609367
2015-12-01,USA,Product A,5937.497150083824
2016-01-01,USA,Product A,7180.048298029674
2016-02-01,USA,Product A,8024.219009923227
2016-03-01,USA,Product A,6399.869607776875
2016-04-01,USA,Product A,4317.863736035718
2016-05-01,USA,Product A,4268.713378463052
2016-06-01,USA,Product A,6137.626148326952
2016-07-01,USA,Product A,6537.267220349973
2016-08-01,USA,Product A,7333.840956874761
2016-09-01,USA,Product A,5275.306109762789
2016-10-01,USA,Product A,6418.105277861416
2016-11-01,USA,Product A,4344.626890496921
2016-12-01,USA,Product A,5876.83485250856
2015-01-01,USA,Product B,7626.094905941052
2015-02-01,USA,Product B,7336.607945231886
2015-03-01,USA,Product B,7616.329924047716
2015-04-01,USA,Product B,8652.434068402024
2015-05-01,USA,Product B,7889.922879182193
2015-06-01,USA,Product B,9204.327052979428
2015-07-01,USA,Product B,9766.72704229494
2015-08-01,USA,Product B,9455.030624851017
2015-09-01,USA,Product B,8722.509552819125
2015-10-01,USA,Product B,9838.00010603649
2015-11-01,USA,Product B,8414.334998502825
2015-12-01,USA,Product B,10326.234483555232
2016-01-01,USA,Product B,11137.765891428695
2016-02-01,USA,Product B,10492.418602866861
2016-03-01,USA,Product B,9954.44130416205
2016-04-01,USA,Product B,10103.72212108536
2016-05-01,USA,Product B,10857.328110384182
2016-06-01,USA,Product B,12307.973926121012
2016-07-01,USA,Product B,11645.909994516735
2016-08-01,USA,Product B,11276.675559746289
2016-09-01,USA,Product B,12658.003563873586
2016-10-01,USA,Product B,11124.671288746265
2016-11-01,USA,Product B,10568.716522391558
2016-12-01,USA,Product B,11027.621128689929
2015-01-01,USA,Product C,6062.657481988335
2015-02-01,USA,Product C,6194.790140905916
2015-03-01,USA,Product C,6486.670602956099
2015-04-01,USA,Product C,4342.403387970293
2015-05-01,USA,Product C,5015.474304724418
2015-06-01,USA,Product C,5217.406154742132
2015-07-01,USA,Product C,8426.130169184114
2015-08-01,USA,Product C,5287.256487132275
2015-09-01,USA,Product C,5656.499927922081
2015-10-01,USA,Product C,5982.895169123462
2015-11-01,USA,Product C,6176.410416248962
2015-12-01,USA,Product C,5932.8209256361
2016-01-01,USA,Product C,5925.116853754631
2016-02-01,USA,Product C,5792.978749256175
2016-03-01,USA,Product C,6210.989829542546
2016-04-01,USA,Product C,5287.444685034138
2016-05-01,USA,Product C,5590.612371786592
2016-06-01,USA,Product C,5961.348766881916
2016-07-01,USA,Product C,5719.236152910507
2016-08-01,USA,Product C,6647.161518648006
2016-09-01,USA,Product C,5606.232935491261
2016-10-01,USA,Product C,6325.2801680155335
2016-11-01,USA,Product C,6403.169276827245
2016-12-01,USA,Product C,5043.561155267687
2015-01-01,USA,Product D,13282.130924794696
2015-02-01,USA,Product D,13904.221671377181
2015-03-01,USA,Product D,11874.995187294442
2015-04-01,USA,Product D,11396.538252778006
2015-05-01,USA,Product D,10419.979781228334
2015-06-01,USA,Product D,11680.393339922872
2015-07-01,USA,Product D,12659.369062911832
2015-08-01,USA,Product D,12019.834719343016
2015-09-01,USA,Product D,10539.16438071654
2015-10-01,USA,Product D,12191.722883695544
2015-11-01,USA,Product D,11623.769873591653
2015-12-01,USA,Product D,12376.177128045758
2016-01-01,USA,Product D,12748.120861472138
2016-02-01,USA,Product D,13785.436281826176
2016-03-01,USA,Product D,11532.152700915216
2016-04-01,USA,Product D,11068.58325053702
2016-05-01,USA,Product D,11400.278512583822
2016-06-01,USA,Product D,11965.28153792282
2016-07-01,USA,Product D,10009.226128085937
2016-08-01,USA,Product D,11621.580768054415
2016-09-01,USA,Product D,12542.933623391924
2016-10-01,USA,Product D,11847.394323825894
2016-11-01,USA,Product D,10449.650866237524
2016-12-01,USA,Product D,12790.730921952274
2015-01-01,USA,Product E,9608.425481300781
2015-02-01,USA,Product E,9811.074798312713
2015-03-01,USA,Product E,9464.95763538219
2015-04-01,USA,Product E,8043.306854221198
2015-05-01,USA,Product E,8889.477261253016
2015-06-01,USA,Product E,9719.516889219087
2015-07-01,USA,Product E,9345.558072585554
2015-08-01,USA,Product E,9590.87481429019
2015-09-01,USA,Product E,9460.432634753952
2015-10-01,USA,Product E,8372.254767310515
2015-11-01,USA,Product E,9078.884710126445
2015-12-01,USA,Product E,9420.086447303003
2016-01-01,USA,Product E,9886.975822604642
2016-02-01,USA,Product E,9875.641719202655
2016-03-01,USA,Product E,9109.512807855966
2016-04-01,USA,Product E,9111.48524298382
2016-05-01,USA,Product E,8776.44474046455
2016-06-01,USA,Product E,9352.600938334832
2016-07-01,USA,Product E,10245.885122828135
2016-08-01,USA,Product E,9541.06440082922
2016-09-01,USA,Product E,9776.272443559532
2016-10-01,USA,Product E,9282.298170832402
2016-11-01,USA,Product E,9459.695816683967
2016-12-01,USA,Product E,9634.282628602421
2015-01-01,Italy,Product A,6661.886234318229
2015-02-01,Italy,Product A,7058.86619055056
2015-03-01,Italy,Product A,6462.576217753677
2015-04-01,Italy,Product A,6561.7507930387865
2015-05-01,Italy,Product A,6460.389074809046
2015-06-01,Italy,Product A,7195.34617489374
2015-07-01,Italy,Product A,7078.387264684004
2015-08-01,Italy,Product A,7385.171080325119
2015-09-01,Italy,Product A,6841.725520613507
2015-10-01,Italy,Product A,6955.299614339645
2015-11-01,Italy,Product A,7390.688408484204
2015-12-01,Italy,Product A,6901.263689088889
2016-01-01,Italy,Product A,7459.794916128842
2016-02-01,Italy,Product A,6928.838392937907
2016-03-01,Italy,Product A,7748.602997882548
2016-04-01,Italy,Product A,7972.237712481141
2016-05-01,Italy,Product A,7641.023128429846
2016-06-01,Italy,Product A,7015.836937094796
2016-07-01,Italy,Product A,8385.188694093782
2016-08-01,Italy,Product A,7848.512146938496
2016-09-01,Italy,Product A,6924.251040442422
2016-10-01,Italy,Product A,7128.00948113453
2016-11-01,Italy,Product A,8499.70717199642
2016-12-01,Italy,Product A,8474.07593120769
2015-01-01,Italy,Product B,11202.254963786787
2015-02-01,Italy,Product B,9460.588454061046
2015-03-01,Italy,Product B,12015.61386052263
2015-04-01,Italy,Product B,8294.822463919729
2015-05-01,Italy,Product B,8673.748978292646
2015-06-01,Italy,Product B,6023.192618463703
2015-07-01,Italy,Product B,6899.551770884784
2015-08-01,Italy,Product B,7608.181143093798
2015-09-01,Italy,Product B,6005.6748459149785
2015-10-01,Italy,Product B,4822.74849390313
2015-11-01,Italy,Product B,3607.624716072707
2015-12-01,Italy,Product B,2828.6472369561234
2016-01-01,Italy,Product B,1906.2624370927904
2016-02-01,Italy,Product B,1957.93811585234
2016-03-01,Italy,Product B,1303.3948075210433
2016-04-01,Italy,Product B,1033.2716525991973
2016-05-01,Italy,Product B,2482.450513751661
2016-06-01,Italy,Product B,-645.414790801713
2016-07-01,Italy,Product B,-1722.0710825448828
2016-08-01,Italy,Product B,-1841.3594109721944
2016-09-01,Italy,Product B,-2394.2781257228485
2016-10-01,Italy,Product B,-4999.965191477957
2016-11-01,Italy,Product B,-2093.433714566033
2016-12-01,Italy,Product B,-2740.832935771633
2015-01-01,Italy,Product C,9661.546897138065
2015-02-01,Italy,Product C,10991.492293137868
2015-03-01,Italy,Product C,8567.18605101975
2015-04-01,Italy,Product C,8535.17286506733
2015-05-01,Italy,Product C,8718.519904009041
2015-06-01,Italy,Product C,10370.427396424311
2015-07-01,Italy,Product C,9807.47339800481
2015-08-01,Italy,Product C,9064.50422475202
2015-09-01,Italy,Product C,8074.367692531503
2015-10-01,Italy,Product C,8108.948936738674
2015-11-01,Italy,Product C,8073.237437115348
2015-12-01,Italy,Product C,9380.4522426036
2016-01-01,Italy,Product C,9830.186579575162
2016-02-01,Italy,Product C,11451.90612371158
2016-03-01,Italy,Product C,9692.08106215818
2016-04-01,Italy,Product C,7847.9920060092245
2016-05-01,Italy,Product C,8130.395802024292
2016-06-01,Italy,Product C,7912.368446703793
2016-07-01,Italy,Product C,10236.049372073821
2016-08-01,Italy,Product C,9605.902217041432
2016-09-01,Italy,Product C,9459.668263762465
2016-10-01,Italy,Product C,8796.279344868384
2016-11-01,Italy,Product C,8481.683727783966
2016-12-01,Italy,Product C,8524.729972078027
2015-01-01,Italy,Product D,8030.644119797114
2015-02-01,Italy,Product D,6792.342675572585
2015-03-01,Italy,Product D,7404.539141051508
2015-04-01,Italy,Product D,5835.365098347537
2015-05-01,Italy,Product D,6009.5534692593155
2015-06-01,Italy,Product D,8170.230681505642
2015-07-01,Italy,Product D,8093.438355218784
2015-08-01,Italy,Product D,7760.82082323942
2015-09-01,Italy,Product D,6645.286302264206
2015-10-01,Italy,Product D,6218.198763184072
2015-11-01,Italy,Product D,5777.610801494764
2015-12-01,Italy,Product D,8030.43462406743
2016-01-01,Italy,Product D,6750.7306108770235
2016-02-01,Italy,Product D,7655.819296799562
2016-03-01,Italy,Product D,6372.785588259135
2016-04-01,Italy,Product D,6708.572347951021
2016-05-01,Italy,Product D,5832.186115507824
2016-06-01,Italy,Product D,7236.374165059192
2016-07-01,Italy,Product D,8331.093308694688
2016-08-01,Italy,Product D,8037.963725803799
2016-09-01,Italy,Product D,7664.357359095223
2016-10-01,Italy,Product D,6482.918590605874
2016-11-01,Italy,Product D,6711.529622012937
2016-12-01,Italy,Product D,5444.1854785486485
2015-01-01,Italy,Product E,12891.943702545635
2015-02-01,Italy,Product E,10754.336289310804
2015-03-01,Italy,Product E,10500.247605807966
2015-04-01,Italy,Product E,10532.169057993115
2015-05-01,Italy,Product E,9990.632870139061
2015-06-01,Italy,Product E,10854.795805199008
2015-07-01,Italy,Product E,11273.997998996518
2015-08-01,Italy,Product E,11649.488950698813
2015-09-01,Italy,Product E,10533.106365186442
2015-10-01,Italy,Product E,11004.052791676064
2015-11-01,Italy,Product E,9480.510247556096
2015-12-01,Italy,Product E,10684.083159142547
2016-01-01,Italy,Product E,12794.009347082805
2016-02-01,Italy,Product E,12074.679578303387
2016-03-01,Italy,Product E,13394.805192678206
2016-04-01,Italy,Product E,7336.74743280736
2016-05-01,Italy,Product E,10290.023354978648
2016-06-01,Italy,Product E,8990.877007728857
2016-07-01,Italy,Product E,10433.851638523638
2016-08-01,Italy,Product E,13331.99089824567
2016-09-01,Italy,Product E,11029.112709221608
2016-10-01,Italy,Product E,7125.623371636984
2016-11-01,Italy,Product E,12951.335676984398
2016-12-01,Italy,Product E,12005.889103028652
2015-01-01,Spain,Product A,10061.991331805895
2015-02-01,Spain,Product A,15198.65261782976
2015-03-01,Spain,Product A,11741.191459036125
2015-04-01,Spain,Product A,15747.24056895282
2015-05-01,Spain,Product A,18181.35525354757
2015-06-01,Spain,Product A,18340.09929238201
2015-07-01,Spain,Product A,19416.0802014361
2015-08-01,Spain,Product A,20244.905514987426
2015-09-01,Spain,Product A,19359.634096286954
2015-10-01,Spain,Product A,20662.519403690618
2015-11-01,Spain,Product A,20593.430134062342
2015-12-01,Spain,Product A,21765.57793274482
2016-01-01,Spain,Product A,21598.71631471382
2016-02-01,Spain,Product A,24113.241333738628
2016-03-01,Spain,Product A,22817.64697785457
2016-04-01,Spain,Product A,22077.581808180174
2016-05-01,Spain,Product A,22096.955839725328
2016-06-01,Spain,Product A,28458.911412702473
2016-07-01,Spain,Product A,28999.73812675412
2016-08-01,Spain,Product A,29061.05924296784
2016-09-01,Spain,Product A,28644.20923162878
2016-10-01,Spain,Product A,28729.493707755915
2016-11-01,Spain,Product A,28139.016105780855
2016-12-01,Spain,Product A,32503.784558133622
2015-01-01,Spain,Product B,11652.358054047992
2015-02-01,Spain,Product B,7757.75091136665
2015-03-01,Spain,Product B,5718.523385876828
2015-04-01,Spain,Product B,5907.681731547576
2015-05-01,Spain,Product B,4585.189600177067
2015-06-01,Spain,Product B,5835.383193394391
2015-07-01,Spain,Product B,6603.556982148738
2015-08-01,Spain,Product B,7253.543200629968
2015-09-01,Spain,Product B,9362.656918338565
2015-10-01,Spain,Product B,2517.708184719629
2015-11-01,Spain,Product B,6556.4491497541685
2015-12-01,Spain,Product B,5018.031920033955
2016-01-01,Spain,Product B,8468.997952674334
2016-02-01,Spain,Product B,9461.280172800945
2016-03-01,Spain,Product B,7226.870943322468
2016-04-01,Spain,Product B,3581.948856960825
2016-05-01,Spain,Product B,5332.708434628559
2016-06-01,Spain,Product B,6861.90758626995
2016-07-01,Spain,Product B,10116.472669032628
2016-08-01,Spain,Product B,7614.4902556717025
2016-09-01,Spain,Product B,7961.089142490874
2016-10-01,Spain,Product B,7142.4272973473435
2016-11-01,Spain,Product B,3690.014547612802
2016-12-01,Spain,Product B,7610.550210874309
2015-01-01,Spain,Product C,12842.220947556412
2015-02-01,Spain,Product C,14731.845724319384
2015-03-01,Spain,Product C,17595.361208298396
2015-04-01,Spain,Product C,17011.807241236944
2015-05-01,Spain,Product C,16016.308282712373
2015-06-01,Spain,Product C,17452.849201937137
2015-07-01,Spain,Product C,15895.08946850489
2015-08-01,Spain,Product C,18029.848502237757
2015-09-01,Spain,Product C,20301.444003990757
2015-10-01,Spain,Product C,17820.19464152071
2015-11-01,Spain,Product C,23363.64390286705
2015-12-01,Spain,Product C,21632.051900419592
2016-01-01,Spain,Product C,25130.70763479834
2016-02-01,Spain,Product C,22354.139202070397
2016-03-01,Spain,Product C,23490.55848405216
2016-04-01,Spain,Product C,23978.049243806687
2016-05-01,Spain,Product C,28695.798384679663
2016-06-01,Spain,Product C,25630.618732211602
2016-07-01,Spain,Product C,28744.011097557537
2016-08-01,Spain,Product C,26520.262388316984
2016-09-01,Spain,Product C,29495.30068936529
2016-10-01,Spain,Product C,29950.55711290769
2016-11-01,Spain,Product C,33191.52904289004
2016-12-01,Spain,Product C,30939.09479205156
2015-01-01,Spain,Product D,10607.648100048473
2015-02-01,Spain,Product D,12763.908918638994
2015-03-01,Spain,Product D,10969.14294257928
2015-04-01,Spain,Product D,10916.64247870946
2015-05-01,Spain,Product D,10964.786231644508
2015-06-01,Spain,Product D,9460.346607952859
2015-07-01,Spain,Product D,10166.086399984706
2015-08-01,Spain,Product D,9658.201978924353
2015-09-01,Spain,Product D,9477.098709024754
2015-10-01,Spain,Product D,7569.446801577579
2015-11-01,Spain,Product D,9172.251204800272
2015-12-01,Spain,Product D,3906.8786013769673
2016-01-01,Spain,Product D,4775.226594847035
2016-02-01,Spain,Product D,3022.7503232893523
2016-03-01,Spain,Product D,3371.5869209844213
2016-04-01,Spain,Product D,4891.342899492619
2016-05-01,Spain,Product D,1043.7531503569287
2016-06-01,Spain,Product D,3819.922957410354
2016-07-01,Spain,Product D,855.1863438721387
2016-08-01,Spain,Product D,1454.9147709004565
2016-09-01,Spain,Product D,750.3279039995908
2016-10-01,Spain,Product D,-1808.032730611675
2016-11-01,Spain,Product D,-647.3655445985704
2016-12-01,Spain,Product D,-3261.701799927949
2015-01-01,Spain,Product E,11618.209602015691
2015-02-01,Spain,Product E,12523.07601235733
2015-03-01,Spain,Product E,8418.08030041978
2015-04-01,Spain,Product E,10548.347209743066
2015-05-01,Spain,Product E,11308.780252251521
2015-06-01,Spain,Product E,14661.158903262025
2015-07-01,Spain,Product E,10180.20808046791
2015-08-01,Spain,Product E,12601.988757977826
2015-09-01,Spain,Product E,10109.755451436607
2015-10-01,Spain,Product E,9809.62058028602
2015-11-01,Spain,Product E,9832.967148056723
2015-12-01,Spain,Product E,12237.616624145317
2016-01-01,Spain,Product E,13165.286711059463
2016-02-01,Spain,Product E,15070.809836272736
2016-03-01,Spain,Product E,11687.928006392658
2016-04-01,Spain,Product E,9850.917865461002
2016-05-01,Spain,Product E,5289.145024646397
2016-06-01,Spain,Product E,9481.660165798956
2016-07-01,Spain,Product E,15132.964640989232
2016-08-01,Spain,Product E,11448.22545145047
2016-09-01,Spain,Product E,10464.317694022544
2016-10-01,Spain,Product E,13272.47749326146
2016-11-01,Spain,Product E,11349.587300189341
2016-12-01,Spain,Product E,9271.673919738807
2015-01-01,Japan,Product A,8204.90268564462
2015-02-01,Japan,Product A,9766.856726724858
2015-03-01,Japan,Product A,6408.818242797223
2015-04-01,Japan,Product A,9517.833794744518
2015-05-01,Japan,Product A,9707.440661525066
2015-06-01,Japan,Product A,7707.830303248777
2015-07-01,Japan,Product A,8578.883570495469
2015-08-01,Japan,Product A,9918.913863320964
2015-09-01,Japan,Product A,8600.688362334737
2015-10-01,Japan,Product A,5615.785984317528
2015-11-01,Japan,Product A,8721.401661749782
2015-12-01,Japan,Product A,10777.290657082975
2016-01-01,Japan,Product A,10145.08074003715
2016-02-01,Japan,Product A,10517.920554277442
2016-03-01,Japan,Product A,8350.045157489762
2016-04-01,Japan,Product A,6122.094115020965
2016-05-01,Japan,Product A,7549.160406900094
2016-06-01,Japan,Product A,7654.309430640799
2016-07-01,Japan,Product A,10126.091226406417
2016-08-01,Japan,Product A,9161.725311903676
2016-09-01,Japan,Product A,9117.082475971638
2016-10-01,Japan,Product A,7153.068116745757
2016-11-01,Japan,Product A,4529.214798465544
2016-12-01,Japan,Product A,11312.369668742784
2015-01-01,Japan,Product B,10114.647882359266
2015-02-01,Japan,Product B,9410.027960849113
2015-03-01,Japan,Product B,6623.149731203141
2015-04-01,Japan,Product B,7717.724380251716
2015-05-01,Japan,Product B,8720.58074958185
2015-06-01,Japan,Product B,9881.99739960075
2015-07-01,Japan,Product B,12372.261811943321
2015-08-01,Japan,Product B,11901.280588865226
2015-09-01,Japan,Product B,9312.239155212039
2015-10-01,Japan,Product B,10155.394064948681
2015-11-01,Japan,Product B,9270.722492649958
2015-12-01,Japan,Product B,13757.639114632902
2016-01-01,Japan,Product B,10665.976352584305
2016-02-01,Japan,Product B,11524.799756181737
2016-03-01,Japan,Product B,7811.68745568613
2016-04-01,Japan,Product B,5368.400517998906
2016-05-01,Japan,Product B,9945.004471492965
2016-06-01,Japan,Product B,9152.92220449706
2016-07-01,Japan,Product B,8822.561802202148
2016-08-01,Japan,Product B,14097.612861787751
2016-09-01,Japan,Product B,10300.14611319857
2016-10-01,Japan,Product B,11327.741990481694
2016-11-01,Japan,Product B,7385.192622066269
2016-12-01,Japan,Product B,10023.44767358916
2015-01-01,Japan,Product C,11089.98911356385
2015-02-01,Japan,Product C,9813.474823667955
2015-03-01,Japan,Product C,5279.381967090797
2015-04-01,Japan,Product C,3181.7094894135453
2015-05-01,Japan,Product C,9233.61739048481
2015-06-01,Japan,Product C,8782.767313195609
2015-07-01,Japan,Product C,11194.93196061175
2015-08-01,Japan,Product C,11743.306674312542
2015-09-01,Japan,Product C,9476.096462159536
2015-10-01,Japan,Product C,4960.85434026142
2015-11-01,Japan,Product C,7983.7628921513315
2015-12-01,Japan,Product C,8247.702723963772
2016-01-01,Japan,Product C,8792.484436096329
2016-02-01,Japan,Product C,12944.634652520299
2016-03-01,Japan,Product C,6705.858018276796
2016-04-01,Japan,Product C,7091.768199012152
2016-05-01,Japan,Product C,6250.749442479677
2016-06-01,Japan,Product C,5639.219589014525
2016-07-01,Japan,Product C,9786.4997860677
2016-08-01,Japan,Product C,8714.09856820713
2016-09-01,Japan,Product C,8467.191938374293
2016-10-01,Japan,Product C,3347.2681557963892
2016-11-01,Japan,Product C,6181.639120583905
2016-12-01,Japan,Product C,9631.30480360057
2015-01-01,Japan,Product D,6817.368517884661
2015-02-01,Japan,Product D,6987.964120805203
2015-03-01,Japan,Product D,6541.457283190888
2015-04-01,Japan,Product D,6408.865158930409
2015-05-01,Japan,Product D,6681.1898330926515
2015-06-01,Japan,Product D,6890.853947353575
2015-07-01,Japan,Product D,5954.109228423841
2015-08-01,Japan,Product D,6433.534576917247
2015-09-01,Japan,Product D,6243.040300758576
2015-10-01,Japan,Product D,7369.458238851671
2015-11-01,Japan,Product D,7101.372116272124
2015-12-01,Japan,Product D,6281.7396434024695
2016-01-01,Japan,Product D,6416.225999454529
2016-02-01,Japan,Product D,6757.234708913109
2016-03-01,Japan,Product D,6729.692224700053
2016-04-01,Japan,Product D,6426.990589819381
2016-05-01,Japan,Product D,6315.0424552228205
2016-06-01,Japan,Product D,6159.995160158719
2016-07-01,Japan,Product D,7124.92342344031
2016-08-01,Japan,Product D,6041.292848485269
2016-09-01,Japan,Product D,5922.953885758999
2016-10-01,Japan,Product D,6326.561653002267
2016-11-01,Japan,Product D,6614.811637259122
2016-12-01,Japan,Product D,5962.925294600179
2015-01-01,Japan,Product E,7130.945691138659
2015-02-01,Japan,Product E,5721.51932961927
2015-03-01,Japan,Product E,4440.040108983036
2015-04-01,Japan,Product E,5852.1905112969525
2015-05-01,Japan,Product E,4336.926630170706
2015-06-01,Japan,Product E,6957.147921447944
2015-07-01,Japan,Product E,8015.587240917032
2015-08-01,Japan,Product E,4301.898653708571
2015-09-01,Japan,Product E,4285.128282101852
2015-10-01,Japan,Product E,6048.804396608129
2015-11-01,Japan,Product E,2876.4772835946214
2015-12-01,Japan,Product E,8418.873868920826
2016-01-01,Japan,Product E,7961.1068932449425
2016-02-01,Japan,Product E,7481.525104555133
2016-03-01,Japan,Product E,8490.14325334465
2016-04-01,Japan,Product E,3059.4710654287237
2016-05-01,Japan,Product E,4114.157297646587
2016-06-01,Japan,Product E,3213.229205416464
2016-07-01,Japan,Product E,9514.206517118593
2016-08-01,Japan,Product E,7503.971888612605
2016-09-01,Japan,Product E,6605.329020103821
2016-10-01,Japan,Product E,6224.5115351715285
2016-11-01,Japan,Product E,2316.101710328501
2016-12-01,Japan,Product E,5460.278003080342
